create database Test1;

CREATE TABLE EMP (
EMPNO NUMERIC(4) NOT NULL,
ENAME VARCHAR(10),
JOB VARCHAR(9),
MGR NUMERIC(4),
HIREDATE DATE,
SAL NUMERIC(7, 2),
COMM NUMERIC(7, 2),
DEPTNO NUMERIC(2)); 


select * from EMP;

INSERT INTO EMP VALUES
(7369, 'SMITH','CLERK',7902, CONVERT(date,'17-DEC-1980'),800, NULL, 20);
INSERT INTO EMP VALUES
(7499, 'ALLEN','SALESMAN',7698, CONVERT(date,'20-FEB-1981'), 1600,300, 30);
INSERT INTO EMP VALUES
(7521, 'WARD','SALESMAN',7698, CONVERT(date,'22-FEB-1981'), 1250,500, 30);
INSERT INTO EMP VALUES
(7566, 'JONES','MANAGER',7839, CONVERT(date,'02-APR-1981'), 2975, NULL, 20);
INSERT INTO EMP VALUES
(7654, 'MARTIN','SALESMAN',7698, CONVERT(date,'28-SEP-1981'), 1250, 1400, 30);
INSERT INTO EMP VALUES
(7698, 'BLAKE', 'MANAGER',7839, CONVERT (date, '11-MAY-1981'), 2850, NULL, 30);
INSERT INTO EMP VALUES
(7782, 'CLARK' ,'MANAGER',7839, CONVERT (date, '19-JUN-1981'), 2450, NULL, 10);
INSERT INTO EMP VALUES
(7788, 'SCOTT','ANALYST',7566, CONVERT(date,'09-DEC-1982'), 3000, NULL, 20);
INSERT INTO EMP VALUES
(7839, 'KING','PRESIDENT', NULL, CONVERT(date,'17-NOV-1981'), 5000, NULL, 10);
INSERT INTO EMP VALUES
(7844, 'TURNER', 'SALESMAN',7698, CONVERT(date,'8-SEP-1981'), 1500, 0, 30);
INSERT INTO EMP VALUES
(7876, 'ADAMS','CLERK',7788, CONVERT(date,'12-JAN-1983'), 1100, NULL, 20);
INSERT INTO EMP VALUES
(7900, 'JAMES','CLERK',7698, CONVERT(date,'3-DEC-1981'), 950, NULL, 30);
INSERT INTO EMP VALUES
(7902, 'FORD','ANALYST',7566, CONVERT(date,'3-DEC-1981'), 3000, NULL, 20);
INSERT INTO EMP VALUES
(7934, 'MILLER', 'CLERK',7782, CONVERT(date,'23-JAN-1982'), 1300, NULL, 10); 


create table DEPT
(DEPTNO numeric(2),
DNAME varchar (14),
LOC varchar (13));



insert into DEPT values (10,'ACCOUNTING','NEW YORK');
insert into DEPT values (20,'RESEARCH','DALLAS');
insert into DEPT values (30,'SALES','CHICAGO');
insert into DEPT values (40,'OPERATIONS','BOSTON');











create table BONUS
(ENAME VARCHAR (10),
JOB VARCHAR(9),
SAL NUMERIC,
COMM Numeric);




create table SALGRADE
(GRADE Numeric,
LOSAL Numeric,
HISAL Numeric);



INSERT INTO SALGRADE VALUES(1,700,1200);
INSERT INTO SALGRADE VALUES(2,1201,1400);
INSERT INTO SALGRADE VALUES(3,1401,2000);
INSERT INTO SALGRADE VALUES(4,2001,3000);
INSERT INTO SALGRADE VALUES(5,3001,9999);




create table DUMMY
		(DUMMY NUMERIC);

insert into DUMMY VALUES (0);

select * from EMP;
select * from BONUS;
select * from DEPT;
select * from DUMMY;
select * from SALGRADE;

select count(*) from INFORMATION_SCHEMA.TABLES
where TABLE_TYPE='Base Table';

exec sp_help 'EMP';
exec sp_columns'EMP';


select Distinct JOB from EMP;

select ENAME,JOB,HIREDATE,DEPTNO from EMP 
ORDER BY DEPTNO Asc;


select * from  EMP where COMM is not null;




select ENAME, SAl,SAL+300 as 'incremented salary' from EMP;
select * from EMP;

select ENAME,JOB,SAL from  EMP where COMM is not null;

select Distinct JOB from EMP;


select ENAME,JOB,SAL from  EMP where SAl > 1500 And JOB like '%MAN%' ;

select ENAME,JOB from EMP where job NOT in('CLERK','MANAGER','ANALYST');

SELECT * FROM EMP ORDER BY HIREDATE ASC;

